sample_id	ras_score	tp53_score	nf1_score	ras_shuffle	tp53_shuffle	nf1_shuffle
BS_2GSAPE1R	0.4675380069595701	0.5124926880250593	0.49926090438481974	0.43820906875981447	0.31750890507278506	0.4404177531062274
BS_596QRYFP	0.3014764364701049	0.7227843197176258	0.4162185027510938	0.5173010106914119	0.7246015231185261	0.4810900406561431
BS_T289QKBV	0.678983438385684	0.35325960503988313	0.6103274847055236	0.456428893914378	0.44605749952021456	0.43810233706872204
BS_YSZRQ95C	0.555076580331864	0.4004586505642237	0.473171738016494	0.5875701643122523	0.5036133906649126	0.6373798552849372
