sample_id	ras_score	tp53_score	nf1_score	ras_shuffle	tp53_shuffle	nf1_shuffle
BS_0D5XCM8E	0.23890290829970642	0.8401079917456955	0.4374811121316047	0.5520018314925542	0.6019366574965812	0.626435604996071
BS_6BGES4ZG	0.9061058136174382	0.2804837333223858	0.6826403935565227	0.6147086180176672	0.19968142442854966	0.6214173889093747
BS_VWYA7FAH	0.44109456299394567	0.1414597691295952	0.48359045384794097	0.3309150780866258	0.45547858853884443	0.38129066987406735
BS_VZJ7403W	0.2949291990196427	0.7476748727770335	0.38962715343750326	0.5070341635300468	0.760113912157896	0.3708783168967944
