sample_id	ras_score	tp53_score	nf1_score	ras_shuffle	tp53_shuffle	nf1_shuffle
BS_6BGES4ZG	0.9061058136174382	0.2804837333223859	0.6826403935565227	0.6251134662807372	0.5367174376681271	0.44491508882412545
BS_VWYA7FAH	0.44109456299394567	0.14145976912959515	0.4835904538479411	0.4229925155685348	0.298852770213687	0.6883240717209571
BS_0D5XCM8E	0.23890290829970642	0.8401079917456954	0.4374811121316047	0.6212031105329537	0.7552332651222506	0.440293824136097
BS_VZJ7403W	0.2949291990196427	0.7476748727770335	0.3896271534375032	0.3328180235493379	0.3962562453313259	0.41797580080597263
